,intensidad,ocupacion,vmed,cong,anom,outlier
0,705,1,20,0,2,0
1,345,1,20,0,2,0
2,684,3,20,0,2,0
3,589,3,20,0,2,0
4,495,2,20,0,2,0
5,600,2,20,0,2,0
6,541,1,20,0,2,0
7,510,2,20,0,2,0
8,380,2,20,0,2,0
9,600,3,20,0,2,0
10,300,5,59,1,1,0
11,300,4,63,1,1,0
12,552,2,20,0,2,0
13,300,2,64,1,1,0
14,300,2,58,1,1,0
15,744,2,20,0,2,0
16,516,2,20,0,2,0
17,381,1,20,0,2,0
18,390,2,20,0,2,0
19,324,1,20,0,2,0
20,285,1,20,0,2,1
21,542,2,20,0,2,0
22,468,1,20,0,2,0
23,375,1,20,0,2,0
24,359,2,20,0,2,0
25,390,3,20,0,2,0
26,526,2,20,0,2,0
27,384,1,20,0,2,0
28,195,1,20,0,2,1
29,408,1,20,0,2,0
30,330,2,20,0,2,0
31,349,1,20,0,2,0
32,421,3,20,0,2,0
33,480,2,20,0,2,0
34,409,1,20,0,2,0
35,480,1,20,0,2,0
36,405,2,20,0,2,0
37,450,2,20,0,2,0
38,540,5,20,0,2,0
39,300,2,61,1,1,0
40,631,2,20,0,2,0
41,300,4,56,1,1,0
42,300,6,58,1,1,0
43,691,2,20,0,2,0
44,300,6,56,1,1,0
45,300,4,58,1,1,0
46,599,3,20,0,2,0
47,764,5,20,0,2,0
48,300,6,55,1,1,0
49,300,4,60,1,1,0
50,672,3,20,0,2,0
51,300,3,60,1,1,0
52,300,6,59,1,1,0
53,300,6,69,1,1,0
54,576,2,20,0,2,0
55,300,3,59,1,1,0
56,300,6,62,1,1,0
57,300,8,58,1,1,0
58,300,3,65,1,1,0
59,300,7,59,1,1,0
60,300,7,61,1,1,0
61,300,5,59,1,1,0
62,300,4,59,1,1,0
63,684,2,20,0,2,0
64,792,5,20,0,2,0
65,690,3,20,0,2,0
66,300,2,65,1,1,0
67,300,2,62,1,1,0
68,300,6,58,1,1,0
69,300,4,58,1,1,0
70,300,4,61,1,1,0
71,300,3,62,1,1,0
72,300,4,58,1,1,0
73,300,5,59,1,1,0
74,300,5,57,1,1,0
75,300,1,59,1,1,0
76,300,4,58,1,1,0
77,300,4,59,1,1,0
78,300,6,56,1,1,0
79,300,2,59,1,1,0
80,300,5,60,1,1,0
81,300,4,62,1,1,0
82,300,4,56,1,1,0
83,300,5,61,1,1,0
84,300,6,60,1,1,0
85,300,6,59,1,1,0
86,300,6,57,1,1,0
87,780,4,20,0,2,0
88,300,4,59,1,1,0
89,768,3,20,0,2,0
90,300,5,60,1,1,0
91,300,6,57,1,1,0
92,300,6,59,1,1,0
93,300,4,64,1,1,0
94,599,3,20,0,2,0
95,612,3,20,0,2,0
96,630,3,20,0,2,0
97,300,3,60,1,1,0
98,300,2,60,1,1,0
99,940,3,58,1,0,0
100,344,2,20,0,2,0
101,600,3,63,0,0,0
102,720,2,63,0,0,0
103,1111,5,59,1,0,0
104,553,2,58,0,0,0
105,732,3,62,0,0,0
106,697,3,66,0,0,0
107,750,2,65,0,0,0
108,696,3,58,0,0,0
109,720,2,64,0,0,0
110,420,1,63,0,0,0
111,457,2,62,0,0,0
112,648,1,66,0,0,0
113,435,2,64,0,0,0
114,408,1,65,0,0,0
115,405,1,66,0,0,0
116,552,3,62,0,0,0
117,441,1,61,0,0,0
118,405,1,68,0,0,0
119,539,1,63,0,0,0
120,721,2,60,0,0,0
121,466,2,63,0,0,0
122,565,2,64,0,0,0
123,397,4,64,0,0,0
124,440,2,64,0,0,0
125,285,1,68,0,0,0
126,300,1,66,0,0,0
127,339,1,56,0,0,0
128,360,1,64,0,0,0
129,330,1,63,0,0,0
130,300,1,61,0,0,0
131,120,-1,71,0,0,0
132,408,1,64,0,0,0
133,459,1,61,0,0,0
134,434,2,61,0,0,0
135,820,3,69,1,0,0
136,352,1,63,0,0,0
137,580,2,63,0,0,0
138,1079,5,61,1,0,0
139,420,2,58,0,0,0
140,492,5,64,0,0,0
141,540,2,61,0,0,0
142,941,6,57,1,0,0
143,794,5,62,0,0,0
144,900,4,64,1,0,0
145,731,3,63,0,0,0
146,940,4,56,1,0,0
147,941,3,61,1,0,0
148,841,4,62,1,0,0
149,860,2,62,1,0,0
150,840,4,63,1,0,0
151,871,4,61,1,0,0
152,1050,6,62,1,0,0
153,851,3,62,1,0,0
154,880,5,65,1,0,0
155,940,4,62,1,0,0
156,916,5,63,1,0,0
157,840,3,60,1,0,0
158,1009,3,62,1,0,0
159,880,3,63,1,0,0
160,670,2,63,0,0,0
161,680,2,64,0,0,0
162,924,6,61,1,0,0
163,940,4,57,1,0,0
164,1152,6,59,1,0,0
165,880,3,61,1,0,0
166,789,4,63,0,0,0
167,876,4,64,1,0,0
168,420,1,66,0,0,0
169,359,2,67,0,0,0
170,240,1,60,0,0,0
171,991,3,59,1,0,0
172,1190,6,59,1,0,0
173,1019,3,56,1,0,0
174,1021,5,58,1,0,0
175,840,3,60,1,0,0
176,671,3,61,0,0,0
177,660,2,64,0,0,0
178,969,4,59,1,0,0
179,1440,7,60,1,0,0
180,881,7,60,1,0,0
181,620,3,61,0,0,0
182,759,3,59,0,0,0
183,167,-1,64,0,0,0
184,700,2,62,0,0,0
185,780,4,59,0,0,0
186,460,1,62,0,0,0
187,540,1,60,0,0,0
188,630,1,66,0,0,0
189,383,3,62,0,0,0
190,540,1,67,0,0,0
191,651,2,64,0,0,0
192,240,1,61,0,0,0
193,253,1,66,0,0,0
194,120,1,91,0,0,1
195,120,-1,68,0,0,0
196,390,1,61,0,0,0
197,539,2,60,0,0,0
198,222,1,56,0,0,0
199,200,1,64,0,0,0
200,120,-1,58,0,0,0
201,181,-1,64,0,0,0
202,360,1,63,0,0,0
203,694,3,60,0,0,0
204,540,2,63,0,0,0
205,831,2,60,1,0,0
206,78,-1,62,0,0,0
207,120,-1,62,0,0,0
208,1211,3,60,1,0,0
209,135,1,52,0,0,0
210,300,1,66,0,0,0
211,120,-1,56,0,0,0
212,240,1,60,0,0,0
213,248,1,67,0,0,0
214,240,1,66,0,0,0
215,430,3,63,0,0,0
216,659,2,66,0,0,0
217,601,2,68,0,0,0
218,680,3,65,0,0,0
219,911,2,63,1,0,0
220,1220,4,68,1,0,0
221,1021,5,64,1,0,0
222,1050,5,64,1,0,0
223,1328,8,60,1,0,0
224,1080,5,63,1,0,0
225,210,1,59,0,0,0
226,102,-1,45,0,0,0
227,180,1,57,0,0,0
228,60,-1,62,0,0,0
229,100,-1,55,0,0,0
230,961,5,62,1,0,0
231,1160,7,57,1,0,0
232,1619,9,59,1,0,0
233,948,6,62,1,0,0
234,1040,5,60,1,0,0
235,913,3,64,1,0,0
236,1220,5,60,1,0,0
237,1211,5,58,1,0,0
238,901,4,59,1,0,0
239,1029,5,59,1,0,0
240,1360,7,58,1,0,0
241,960,5,61,1,0,0
242,1235,5,64,1,0,0
243,1215,4,59,1,0,0
244,1331,8,58,1,0,0
245,1516,8,59,1,0,0
246,1416,6,61,1,0,0
247,960,3,68,1,0,1
248,1180,7,64,1,0,0
249,994,4,60,1,0,0
250,1140,3,60,1,0,0
251,1335,4,67,1,0,1
252,1320,6,60,1,0,0
253,1455,7,59,1,0,0
254,1320,7,61,1,0,0
255,1155,3,59,1,0,0
256,1171,5,59,1,0,0
257,1261,5,59,1,0,0
258,1420,7,58,1,0,0
259,1118,5,60,1,0,0
260,1320,6,59,1,0,0
261,1320,7,63,1,0,0
262,1908,9,60,1,0,0
263,1500,8,60,1,0,0
264,1574,9,62,1,0,0
265,1584,7,59,1,0,0
266,1302,7,61,1,0,0
267,1515,5,59,1,0,0
268,1786,6,61,1,0,0
269,1350,7,58,1,0,0
270,1295,7,62,1,0,0
271,1275,6,62,1,0,0
272,1410,8,63,1,0,0
273,1295,6,59,1,0,0
274,1440,6,62,1,0,0
275,1116,6,63,1,0,0
276,1451,7,57,1,0,0
277,1080,4,65,1,0,0
278,931,5,61,1,0,0
279,1320,8,57,1,0,0
280,828,3,63,1,0,0
281,646,3,60,0,0,0
282,672,6,63,0,0,0
283,480,3,62,0,0,0
284,375,1,61,0,0,0
285,301,-1,63,0,0,0
286,264,2,64,0,0,0
287,345,1,60,0,0,0
288,320,1,68,0,0,0
289,241,1,59,0,0,0
290,1260,5,63,1,0,0
291,1896,8,56,1,0,1
292,180,-1,65,0,0,0
293,200,1,43,0,0,1
294,90,-1,66,0,0,0
295,46,-1,37,0,0,0
296,156,-1,70,0,0,0
297,46,-1,33,0,0,0
298,60,-1,62,0,0,0
299,144,0,54,0,0,0
300,96,-1,37,0,0,0
301,73,-1,59,0,0,0
302,61,-1,42,0,0,0
303,18,0,17,0,0,0
304,75,0,47,0,0,0
305,72,0,28,0,0,1
306,276,1,63,0,0,0
307,132,-1,78,0,0,1
308,165,-1,73,0,0,0
309,1064,5,64,1,0,0
310,1200,7,66,1,0,0
311,1140,6,60,1,0,0
312,1306,4,63,1,0,0
313,660,3,61,0,0,0
314,1104,5,66,1,0,0
315,1176,6,63,1,0,0
316,1111,4,61,1,0,0
317,60,-1,59,0,0,0
318,60,1,75,0,0,1
319,60,1,17,0,0,0
320,180,-1,62,0,0,0
321,280,2,64,0,0,0
322,166,-1,64,0,0,0
323,300,2,67,0,0,0
324,457,1,65,0,0,0
325,794,5,61,0,0,0
326,804,3,64,1,0,0
327,973,6,62,1,0,0
328,1306,5,62,1,0,0
329,1200,5,62,1,0,0
330,810,5,59,1,0,0
331,1068,5,60,1,0,0
332,1104,5,57,1,0,0
333,840,4,59,1,0,0
334,996,5,59,1,0,0
335,1020,3,58,1,0,0
336,820,2,58,1,0,0
337,792,4,58,0,0,0
338,1057,8,56,1,0,0
339,1296,5,64,1,0,0
340,924,5,56,1,0,0
341,1231,6,56,1,0,0
342,1788,9,57,1,0,0
343,1425,5,60,1,0,0
344,1302,7,68,1,0,1
345,1426,7,60,1,0,0
346,1140,4,64,1,0,0
347,1151,5,63,1,0,0
348,1275,4,63,1,0,0
349,1019,3,60,1,0,0
350,1124,6,61,1,0,0
351,1080,6,59,1,0,0
352,1259,5,63,1,0,0
353,1531,6,60,1,0,0
354,1332,4,59,1,0,0
355,1215,5,60,1,0,0
356,985,3,62,1,0,0
357,1344,6,57,1,0,0
358,1635,6,59,1,0,0
359,2070,10,61,1,0,1
360,1428,7,58,1,0,0
361,1320,6,62,1,0,0
362,1465,7,61,1,0,0
363,1725,8,60,1,0,0
364,1560,5,60,1,0,0
365,1396,7,61,1,0,0
366,1152,5,60,1,0,0
367,1536,7,58,1,0,0
368,1140,5,59,1,0,0
369,1379,8,60,1,0,0
370,1045,4,62,1,0,0
371,1380,7,58,1,0,0
372,991,3,62,1,0,0
373,900,6,61,1,0,0
374,949,2,65,1,0,0
375,1140,5,62,1,0,0
376,1621,7,61,1,0,0
377,1464,6,58,1,0,0
378,700,2,63,0,0,0
379,720,3,59,0,0,0
380,661,3,59,0,0,0
381,661,5,63,0,0,0
382,300,1,66,0,0,0
383,720,4,62,0,0,0
384,468,1,60,0,0,0
385,240,-1,71,0,0,0
386,335,1,55,0,0,0
387,390,1,71,0,0,0
388,204,1,60,0,0,0
389,436,2,62,0,0,0
390,349,2,62,0,0,0
391,192,1,66,0,0,0
392,435,1,69,0,0,0
393,140,1,64,0,0,0
394,276,1,40,0,0,1
395,586,4,60,0,0,0
396,60,-1,33,0,0,0
397,144,1,62,0,0,0
398,168,-1,62,0,0,0
399,165,-1,67,0,0,0
400,60,-1,56,0,0,0
401,90,-1,50,0,0,0
402,144,-1,70,0,0,0
403,108,-1,62,0,0,0
404,41,-1,47,0,0,0
405,135,1,63,0,0,0
406,140,-1,72,0,0,0
407,106,-1,62,0,0,0
408,660,1,70,0,0,1
409,211,1,65,0,0,0
410,372,1,67,0,0,0
411,150,-1,62,0,0,0
412,345,2,64,0,0,0
413,321,1,70,0,0,0
414,672,3,65,0,0,0
415,1081,4,64,1,0,0
416,1440,5,65,1,0,0
417,1320,5,62,1,0,0
418,1230,5,66,1,0,0
419,1200,4,65,1,0,0
420,1107,4,59,1,0,0
421,901,3,63,1,0,0
422,1020,5,66,1,0,0
423,770,4,59,0,0,0
424,1061,4,60,1,0,0
425,901,4,64,1,0,0
426,811,3,62,1,0,0
427,870,4,60,1,0,0
428,1331,4,63,1,0,0
429,1200,4,56,1,0,0
430,1169,8,60,1,0,0
431,1020,5,63,1,0,0
432,1170,6,57,1,0,0
433,1800,8,63,1,0,0
434,1104,5,62,1,0,0
435,1111,4,60,1,0,0
436,1350,6,63,1,0,0
437,1280,7,59,1,0,0
438,1650,7,57,1,0,0
439,1439,8,60,1,0,0
440,1693,6,63,1,0,0
441,1470,7,61,1,0,0
442,1670,5,62,1,0,0
443,1500,6,62,1,0,0
444,1570,7,53,1,0,1
445,1381,5,61,1,0,0
446,1080,6,57,1,0,0
447,780,3,64,0,0,0
448,942,5,60,1,0,0
449,1320,4,62,1,0,0
450,1167,4,63,1,0,0
451,1260,6,58,1,0,0
452,1211,4,62,1,0,0
453,1370,7,58,1,0,0
454,1230,5,59,1,0,0
455,995,5,61,1,0,0
456,1560,6,64,1,0,0
457,1440,6,54,1,0,1
458,1840,7,58,1,0,0
459,1670,5,60,1,0,0
460,1860,10,49,1,0,1
461,1636,7,61,1,0,0
462,1620,6,58,1,0,0
463,1290,6,57,1,0,0
464,1220,6,61,1,0,0
465,1551,8,57,1,0,0
466,1020,4,61,1,0,0
467,1520,7,61,1,0,0
468,961,3,62,1,0,0
469,1000,5,59,1,0,0
470,204,1,64,0,0,0
471,1098,4,62,1,0,0
472,1200,6,62,1,0,0
473,731,3,64,0,0,0
474,500,2,64,0,0,0
475,444,3,57,0,0,0
476,760,3,65,0,0,0
477,571,3,59,0,0,0
478,840,3,57,1,0,0
479,548,2,60,0,0,0
480,560,1,67,0,0,0
481,320,1,61,0,0,0
482,420,2,55,0,0,1
483,309,2,56,0,0,0
484,380,1,65,0,0,0
485,1109,2,62,1,0,0
486,1283,6,61,1,0,0
487,180,-1,72,0,0,0
488,154,-1,58,0,0,0
489,441,2,65,0,0,0
490,260,1,70,0,0,0
491,100,-1,62,0,0,0
492,110,-1,42,0,0,0
493,90,-1,65,0,0,0
494,180,1,64,0,0,0
495,100,-1,61,0,0,0
496,139,1,61,0,0,0
497,160,-1,67,0,0,0
498,128,-1,63,0,0,0
499,20,0,22,0,0,0
500,140,-1,78,0,0,1
501,100,-1,62,0,0,0
502,139,-1,70,0,0,0
503,120,-1,68,0,0,0
504,162,-1,56,0,0,0
505,120,-1,62,0,0,0
506,250,1,66,0,0,0
507,460,2,71,0,0,0
508,493,3,69,0,0,0
509,601,2,63,0,0,0
510,1100,4,62,1,0,0
511,1360,5,64,1,0,0
512,1231,7,66,1,0,0
513,1320,6,64,1,0,0
514,1248,7,66,1,0,0
515,1110,5,63,1,0,0
516,860,3,61,1,0,0
517,1186,5,65,1,0,0
518,660,4,62,0,0,0
519,1041,6,62,1,0,0
520,880,4,66,1,0,0
521,877,3,59,1,0,0
522,1000,6,57,1,0,0
523,1109,4,60,1,0,0
524,840,4,60,1,0,0
525,1183,5,58,1,0,0
526,1139,6,66,1,0,0
527,1300,7,60,1,0,0
528,1320,5,63,1,0,0
529,1170,5,64,1,0,0
530,1501,6,59,1,0,0
531,1280,7,61,1,0,0
532,1660,9,59,1,0,0
533,1305,8,59,1,0,0
534,1425,8,60,1,0,0
535,1185,6,62,1,0,0
536,1631,8,59,1,0,0
537,1680,7,58,1,0,0
538,1464,9,57,1,0,0
539,1404,6,64,1,0,0
540,1560,7,58,1,0,0
541,1006,4,62,1,0,0
542,720,3,59,0,0,0
543,1260,6,59,1,0,0
544,1545,7,58,1,0,0
545,1200,4,60,1,0,0
546,1764,8,58,1,0,0
547,1455,5,63,1,0,0
548,1572,8,55,1,0,0
549,731,2,65,0,0,0
550,1380,6,62,1,0,0
551,1216,7,62,1,0,0
552,1668,7,61,1,0,0
553,1970,8,59,1,0,1
554,1751,10,61,1,0,0
555,1455,7,61,1,0,0
556,1429,6,59,1,0,0
557,1308,6,62,1,0,0
558,1429,7,60,1,0,0
559,1260,5,68,1,0,0
560,690,5,57,0,0,0
561,600,3,61,0,0,0
562,672,4,60,0,0,0
563,556,3,64,0,0,0
564,804,1,63,1,0,0
565,345,1,64,0,0,0
566,431,2,62,0,0,0
567,406,2,62,0,0,0
568,360,1,57,0,0,0
569,380,1,72,0,0,0
570,1470,6,63,1,0,0
571,1801,10,56,1,0,0
572,1248,5,60,1,0,0
573,1500,8,53,1,0,1
574,1635,5,57,1,0,0
575,1117,6,59,1,0,0
576,1091,4,61,1,0,0
577,820,3,65,1,0,0
578,1065,4,60,1,0,0
579,960,4,63,1,0,0
580,1225,6,60,1,0,0
581,744,3,62,0,0,0
582,757,5,58,0,0,0
583,61,-1,31,0,0,0
584,228,1,63,0,0,0
585,165,-1,73,0,0,0
586,551,2,64,0,0,0
587,276,1,67,0,0,0
588,71,0,13,0,0,1
589,345,1,62,0,0,0
590,516,2,65,0,0,0
591,580,3,74,0,0,1
592,840,2,61,1,0,0
593,330,-1,69,0,0,0
594,330,1,62,0,0,0
595,169,1,39,0,0,0
596,159,1,42,0,0,0
597,195,-1,68,0,0,0
598,240,1,65,0,0,0
599,1020,4,64,1,0,0
600,144,1,70,0,0,0
601,144,1,61,0,0,0
602,60,-1,34,0,0,0
603,72,-1,60,0,0,0
604,160,1,63,0,0,0
605,120,-1,68,0,0,0
606,160,-1,67,0,0,0
607,916,3,64,1,0,0
608,791,3,58,0,0,0
609,809,5,57,1,0,0
610,1128,7,59,1,0,0
611,1200,6,58,1,0,0
612,971,4,59,1,0,0
613,1230,6,62,1,0,0
614,1200,6,61,1,0,0
615,1169,8,57,1,0,0
616,940,4,58,1,0,0
617,1096,7,60,1,0,0
618,1214,7,58,1,0,0
619,1099,5,57,1,0,0
620,1111,5,60,1,0,0
621,1156,3,66,1,0,0
622,1140,6,62,1,0,0
623,1199,5,65,1,0,0
624,984,6,62,1,0,0
625,1319,6,61,1,0,0
626,990,4,64,1,0,0
627,1415,7,58,1,0,0
628,1308,8,59,1,0,0
629,1185,7,60,1,0,0
630,1271,4,60,1,0,0
631,1404,7,61,1,0,0
632,1117,4,61,1,0,0
633,1549,7,59,1,0,0
634,1679,8,62,1,0,0
635,1572,7,60,1,0,0
636,1596,5,63,1,0,0
637,1932,8,58,1,0,0
638,1609,7,60,1,0,0
639,1440,9,61,1,0,0
640,1451,8,58,1,0,0
641,1215,7,59,1,0,0
642,1306,5,61,1,0,0
643,1471,7,61,1,0,0
644,1155,4,64,1,0,0
645,1291,6,62,1,0,0
646,1440,6,61,1,0,0
647,1272,7,58,1,0,0
648,1477,6,61,1,0,0
649,1095,7,54,1,0,0
650,1183,9,59,1,0,0
651,1260,7,58,1,0,0
652,1170,4,64,1,0,0
653,1320,6,59,1,0,0
654,839,6,62,1,0,0
655,1440,7,61,1,0,0
656,854,7,64,1,0,0
657,912,5,64,1,0,0
658,744,4,60,0,0,0
659,1320,5,60,1,0,0
660,1573,9,59,1,0,0
661,1245,5,62,1,0,0
662,1296,7,58,1,0,0
663,1410,5,61,1,0,0
664,1471,6,60,1,0,0
665,1216,6,60,1,0,0
666,1297,6,61,1,0,0
667,1320,4,61,1,0,0
668,1284,8,58,1,0,0
669,804,2,63,1,0,0
670,331,2,64,0,0,0
671,219,-1,54,0,0,0
672,615,2,65,0,0,0
673,527,1,62,0,0,0
674,384,1,63,0,0,0
675,600,1,69,0,0,0
676,120,-1,61,0,0,0
677,319,1,57,0,0,0
678,436,1,59,0,0,0
679,820,7,58,1,0,0
680,900,6,54,1,0,1
681,946,3,59,1,0,0
682,870,2,64,1,0,0
683,239,1,51,0,0,1
684,899,3,62,1,0,0
685,735,2,60,0,0,0
686,636,2,58,0,0,0
687,721,1,60,0,0,0
688,673,1,62,0,0,0
689,720,2,60,0,0,0
690,708,2,64,0,0,0
691,576,2,63,0,0,0
692,180,1,56,0,0,0
693,312,1,70,0,0,0
694,120,1,61,0,0,0
695,440,3,59,0,0,0
696,420,1,65,0,0,0
697,886,6,59,1,0,0
698,480,2,65,0,0,0
699,375,2,62,0,0,0
700,576,2,66,0,0,0
701,419,2,65,0,0,0
702,505,3,64,0,0,0
703,225,1,57,0,0,0
704,315,2,65,0,0,0
705,409,3,63,0,0,0
706,585,3,62,0,0,0
707,504,2,61,0,0,0
708,600,2,61,0,0,0
709,615,3,64,0,0,0
710,480,3,61,0,0,0
711,840,4,60,1,0,0
712,289,1,65,0,0,0
713,1128,5,58,1,0,0
714,961,5,57,1,0,0
715,855,4,58,1,0,0
716,960,6,58,1,0,0
717,1116,5,58,1,0,0
718,885,2,59,1,0,0
719,1440,7,60,1,0,0
720,1079,5,57,1,0,0
721,756,5,59,0,0,0
722,1245,3,62,1,0,0
723,1897,12,59,1,0,0
724,1110,4,63,1,0,0
725,1366,7,60,1,0,0
726,1068,5,63,1,0,0
727,1151,5,62,1,0,0
728,990,5,63,1,0,0
729,855,3,67,1,0,0
730,1035,3,64,1,0,0
731,912,5,59,1,0,0
732,840,4,64,1,0,0
733,740,5,63,0,0,0
734,916,5,61,1,0,0
735,1296,6,64,1,0,0
736,793,2,65,0,0,0
737,852,3,60,1,0,0
738,1335,5,57,1,0,0
739,817,3,63,1,0,0
740,731,3,66,0,0,0
741,672,2,59,0,0,0
742,769,2,60,0,0,0
743,900,4,58,1,0,0
744,804,3,60,1,0,0
745,1100,6,61,1,0,0
746,1200,6,56,1,0,0
747,756,2,62,0,0,0
748,1416,9,60,1,0,0
749,826,2,61,1,0,0
750,1176,4,63,1,0,0
751,804,3,61,1,0,0
752,911,5,60,1,0,0
753,600,3,67,0,0,0
754,804,2,59,1,0,0
755,889,2,63,1,0,0
756,960,4,60,1,0,0
757,705,2,57,0,0,0
758,681,2,58,0,0,0
759,780,4,63,0,0,0
760,750,4,62,0,0,0
761,1020,4,59,1,0,0
762,780,3,60,0,0,0
763,516,2,61,0,0,0
764,516,2,59,0,0,0
765,1545,6,57,1,0,0
766,770,1,55,0,0,0
767,1290,4,54,1,0,0
768,901,3,60,1,0,0
769,1064,4,63,1,0,0
770,931,5,60,1,0,0
771,750,4,63,0,0,0
772,552,2,61,0,0,0
773,672,3,64,0,0,0
774,1020,4,62,1,0,0
775,756,3,64,0,0,0
776,766,1,62,0,0,0
777,749,2,59,0,0,0
778,491,1,63,0,0,0
779,885,3,61,1,0,0
780,600,2,61,0,0,0
781,516,2,64,0,0,0
782,336,1,64,0,0,0
783,551,2,64,0,0,0
784,360,1,66,0,0,0
785,372,2,60,0,0,0
786,585,2,62,0,0,0
787,360,1,67,0,0,0
788,360,1,62,0,0,0
789,466,2,64,0,0,0
790,331,2,59,0,0,0
791,480,2,64,0,0,0
792,675,1,62,0,0,0
793,348,1,64,0,0,0
794,481,3,61,0,0,0
795,450,2,71,0,0,0
796,210,1,62,0,0,0
797,396,1,71,0,0,0
798,959,6,59,1,0,0
799,540,2,62,0,0,0
800,135,-1,68,0,0,0
801,405,1,63,0,0,0
802,465,2,64,0,0,0
803,494,2,60,0,0,0
804,619,3,61,0,0,0
805,645,4,63,0,0,0
806,660,2,58,0,0,0
807,541,1,59,0,0,0
808,744,3,59,0,0,0
809,630,4,63,0,0,0
810,731,3,60,0,0,0
811,870,3,58,1,0,0
812,480,1,59,0,0,0
813,1080,4,57,1,0,0
814,541,3,59,0,0,0
815,855,6,59,1,0,0
816,948,6,60,1,0,0
817,852,5,58,1,0,0
818,1248,5,59,1,0,0
819,1129,5,63,1,0,0
820,1080,3,62,1,0,0
821,864,3,62,1,0,0
822,975,3,61,1,0,0
823,1021,4,60,1,0,0
824,781,4,60,0,0,0
825,541,2,62,0,0,0
826,636,5,59,0,0,0
827,528,2,58,0,0,0
828,390,3,67,0,0,0
829,372,1,64,0,0,0
830,345,3,62,0,0,0
831,251,1,67,0,0,0
832,286,4,60,0,0,0
833,930,4,60,1,0,0
834,734,3,64,0,0,0
835,985,4,57,1,0,0
836,1320,7,60,1,0,0
837,941,2,62,1,0,0
838,900,3,60,1,0,0
839,1156,6,59,1,0,0
840,885,6,58,1,0,0
841,720,3,60,0,0,0
842,660,2,61,0,0,0
843,899,5,61,1,0,0
844,480,1,60,0,0,0
845,1126,3,62,1,0,0
846,1328,6,63,1,0,0
847,1420,4,63,1,0,0
848,1208,5,61,1,0,0
849,600,2,65,0,0,0
850,854,5,61,1,0,0
851,1140,7,61,1,0,0
852,659,3,62,0,0,0
853,720,2,64,0,0,0
854,528,1,62,0,0,0
855,732,2,65,0,0,0
856,756,3,59,0,0,0
857,930,6,58,1,0,0
858,675,2,63,0,0,0
859,240,1,66,0,0,0
860,120,-1,60,0,0,0
861,280,1,64,0,0,0
862,90,-1,65,0,0,0
863,90,1,62,0,0,0
864,140,1,52,0,0,0
865,92,-1,59,0,0,0
866,40,0,22,0,0,0
867,40,0,19,0,0,0
868,120,-1,65,0,0,0
869,70,0,31,0,0,0
870,40,0,19,0,0,0
871,84,-1,66,0,0,0
872,40,-1,44,0,0,0
873,34,0,18,0,0,0
874,80,-1,66,0,0,0
875,90,-1,60,0,0,0
876,240,1,66,0,0,0
877,330,1,67,0,0,0
878,260,1,66,0,0,0
879,439,1,62,0,0,0
880,360,2,59,0,0,0
881,333,2,60,0,0,0
882,180,1,61,0,0,0
883,589,3,63,0,0,0
884,600,3,63,0,0,0
885,568,2,67,0,0,0
886,180,-1,66,0,0,0
887,221,1,61,0,0,0
888,240,1,61,0,0,0
889,360,1,63,0,0,0
890,220,1,64,0,0,0
891,840,4,60,1,0,0
892,889,4,61,1,0,0
893,1200,5,58,1,0,0
894,998,4,61,1,0,0
895,600,2,60,0,0,0
896,1082,6,56,1,0,0
897,960,4,59,1,0,0
898,1176,5,57,1,0,0
899,911,5,64,1,0,0
900,1380,6,56,1,0,0
901,1500,7,57,1,0,0
902,1129,5,58,1,0,0
903,1308,6,57,1,0,0
904,1152,5,61,1,0,0
905,1584,6,59,1,0,0
906,1230,7,59,1,0,0
907,660,3,66,0,0,0
908,865,3,63,1,0,0
909,980,3,65,1,0,0
910,1080,4,63,1,0,0
911,880,4,60,1,0,0
912,1334,6,63,1,0,0
913,1080,4,63,1,0,0
914,564,3,61,0,0,0
915,1080,4,62,1,0,0
916,481,1,62,0,0,0
917,1344,7,63,1,0,0
918,1681,7,61,1,0,0
919,1635,6,59,1,0,0
920,1379,7,62,1,0,0
921,1585,5,62,1,0,0
922,1410,8,59,1,0,0
923,1620,7,60,1,0,0
924,930,9,63,1,0,0
925,1031,5,65,1,0,0
926,1499,11,59,1,0,0
927,1260,7,58,1,0,0
928,1224,7,57,1,0,0
929,1285,5,58,1,0,0
930,1176,6,57,1,0,0
931,997,6,58,1,0,0
932,1154,7,60,1,0,0
933,1725,8,60,1,0,0
934,1339,6,61,1,0,0
935,1345,7,63,1,0,0
936,1785,9,56,1,0,0
937,1212,8,56,1,0,0
938,1489,6,61,1,0,0
939,1500,6,63,1,0,0
940,1200,5,60,1,0,0
941,1152,6,64,1,0,0
942,1531,8,60,1,0,0
943,132,1,72,0,0,0
944,1275,6,58,1,0,0
945,1019,4,61,1,0,0
946,870,5,61,1,0,0
947,1080,5,62,1,0,0
948,1020,6,59,1,0,0
949,1005,4,58,1,0,0
950,709,4,64,0,0,0
951,555,4,61,0,0,0
952,459,2,58,0,0,0
953,540,2,66,0,0,0
954,614,3,64,0,0,0
955,555,3,61,0,0,0
956,361,1,66,0,0,0
957,215,-1,66,0,0,0
958,225,1,58,0,0,0
959,168,-1,66,0,0,0
960,256,1,65,0,0,0
961,181,-1,66,0,0,0
962,375,1,60,0,0,0
963,132,-1,58,0,0,0
964,160,-1,62,0,0,0
965,192,-1,58,0,0,0
966,195,0,47,0,0,1
967,1305,7,57,1,0,0
968,60,-1,62,0,0,0
969,15,-1,20,0,0,0
970,120,0,45,0,0,0
971,156,1,65,0,0,0
972,0,0,0,0,0,0
973,50,-1,31,0,0,0
974,270,1,66,0,0,0
975,313,1,80,0,0,1
976,252,1,64,0,0,0
977,227,1,66,0,0,0
978,468,1,66,0,0,0
979,635,1,63,0,0,0
980,949,3,64,1,0,0
981,923,3,70,1,0,1
982,960,5,63,1,0,0
983,1696,8,62,1,0,0
984,1019,6,62,1,0,0
985,924,6,64,1,0,0
986,1296,7,63,1,0,0
987,1368,7,63,1,0,0
988,48,0,54,0,0,0
989,145,1,75,0,0,1
990,48,-1,34,0,0,0
991,30,-1,16,0,0,0
992,1560,7,59,1,0,0
993,168,-1,59,0,0,0
994,946,6,61,1,0,0
995,1032,6,62,1,0,0
996,1320,7,60,1,0,0
997,793,5,60,0,0,0
998,1369,8,57,1,0,0
999,826,4,63,1,0,0
1000,960,4,57,1,0,0
1001,1200,5,58,1,0,0
1002,1741,7,58,1,0,0
1003,1160,4,57,1,0,0
1004,1104,6,59,1,0,0
1005,1005,7,58,1,0,0
1006,1008,5,58,1,0,0
1007,1201,7,61,1,0,0
1008,1212,5,57,1,0,0
1009,1056,5,59,1,0,0
1010,1092,5,61,1,0,0
1011,1550,10,59,1,0,0
1012,1199,7,60,1,0,0
1013,1560,7,61,1,0,0
1014,1693,8,59,1,0,0
1015,1513,8,62,1,0,0
1016,1618,9,57,1,0,0
1017,1477,7,60,1,0,0
1018,1081,6,56,1,0,0
1019,1213,5,60,1,0,0
1020,1215,5,61,1,0,0
1021,880,5,59,1,0,0
1022,1081,5,61,1,0,0
1023,1245,7,58,1,0,0
1024,1500,6,60,1,0,0
1025,1464,6,60,1,0,0
1026,1788,8,59,1,0,0
1027,1426,7,60,1,0,0
1028,1428,9,57,1,0,0
1029,1425,5,59,1,0,0
1030,1740,8,60,1,0,0
1031,1422,6,61,1,0,0
1032,1800,7,63,1,0,0
1033,1211,5,59,1,0,0
1034,1560,7,58,1,0,0
1035,1153,3,60,1,0,0
1036,1366,5,61,1,0,0
1037,1034,6,62,1,0,0
1038,1020,5,61,1,0,0
1039,1320,7,61,1,0,0
1040,1032,4,62,1,0,0
1041,1441,5,60,1,0,0
1042,1188,7,58,1,0,0
1043,1246,6,60,1,0,0
1044,1605,8,63,1,0,0
1045,516,1,65,0,0,0
1046,525,4,61,0,0,0
1047,708,5,60,0,0,0
1048,683,4,62,0,0,0
1049,870,4,64,1,0,0
1050,585,4,62,0,0,0
1051,360,1,63,0,0,0
1052,312,1,64,0,0,0
1053,105,1,33,0,0,0
1054,192,1,59,0,0,0
1055,516,2,63,0,0,0
1056,120,-1,69,0,0,0
1057,215,1,38,0,0,1
1058,60,-1,66,0,0,0
1059,151,1,59,0,0,0
1060,168,-1,57,0,0,0
1061,719,4,65,0,0,0
1062,48,0,37,0,0,0
1063,132,-1,71,0,0,0
1064,324,-1,66,0,0,0
1065,132,-1,69,0,0,0
1066,37,-1,43,0,0,0
1067,60,-1,31,0,0,0
1068,102,-1,62,0,0,0
1069,74,0,55,0,0,0
1070,106,-1,52,0,0,0
1071,0,0,0,0,0,0
1072,60,-1,70,0,0,0
1073,0,0,0,0,0,0
1074,108,1,62,0,0,0
1075,781,4,63,0,0,0
1076,264,1,46,0,0,1
1077,390,1,73,0,0,1
1078,199,-1,64,0,0,0
1079,220,-1,58,0,0,0
1080,337,1,61,0,0,0
1081,945,5,61,1,0,0
1082,1020,4,67,1,0,0
1083,1380,7,68,1,0,1
1084,1096,4,67,1,0,0
1085,1290,8,59,1,0,0
1086,1104,4,58,1,0,0
1087,871,6,60,1,0,0
1088,851,4,57,1,0,0
1089,936,3,60,1,0,0
1090,740,3,65,0,0,0
1091,870,6,59,1,0,0
1092,1260,5,64,1,0,0
1093,1186,5,59,1,0,0
1094,990,7,59,1,0,0
1095,1139,4,58,1,0,0
1096,1245,4,65,1,0,0
1097,1092,5,63,1,0,0
1098,990,6,64,1,0,0
1099,1268,6,58,1,0,0
1100,1429,6,60,1,0,0
1101,1171,5,58,1,0,0
1102,1800,7,66,1,0,1
1103,1525,7,60,1,0,0
1104,1524,6,61,1,0,0
1105,1106,3,65,1,0,0
1106,1237,3,65,1,0,0
1107,1335,6,63,1,0,0
1108,1410,6,59,1,0,0
1109,1500,8,59,1,0,0
1110,1607,7,62,1,0,0
1111,1800,8,56,1,0,0
1112,1464,7,61,1,0,0
1113,870,3,63,1,0,0
1114,871,4,62,1,0,0
1115,1260,6,63,1,0,0
1116,1380,9,58,1,0,0
1117,913,5,61,1,0,0
1118,1176,3,58,1,0,0
1119,1296,6,61,1,0,0
1120,1170,3,58,1,0,0
1121,1452,8,56,1,0,0
1122,1334,5,61,1,0,0
1123,1398,6,57,1,0,0
1124,1367,6,62,1,0,0
1125,1542,8,61,1,0,0
1126,1480,8,57,1,0,0
1127,1240,7,63,1,0,0
1128,1540,5,58,1,0,0
1129,1260,6,63,1,0,0
1130,2279,11,57,1,0,1
1131,1561,6,62,1,0,0
1132,419,2,61,0,0,0
1133,1400,6,58,1,0,0
1134,1411,5,60,1,0,0
1135,1201,7,57,1,0,0
1136,1120,4,60,1,0,0
1137,1590,6,59,1,0,0
1138,1260,5,61,1,0,0
1139,1127,4,61,1,0,0
1140,1140,4,63,1,0,0
1141,1170,5,61,1,0,0
1142,900,5,65,1,0,0
1143,816,3,63,1,0,0
1144,960,5,62,1,0,0
1145,770,0,60,0,0,0
1146,660,2,58,0,0,0
1147,747,4,62,0,0,0
1148,600,2,63,0,0,0
1149,496,4,61,0,0,0
1150,300,1,63,0,0,0
1151,560,2,64,0,0,0
1152,220,-1,67,0,0,0
1153,310,1,71,0,0,0
1154,140,1,63,0,0,0
1155,120,1,58,0,0,0
1156,90,-1,58,0,0,0
1157,198,1,59,0,0,0
1158,120,-1,64,0,0,0
1159,141,-1,67,0,0,0
1160,80,-1,37,0,0,0
1161,136,-1,55,0,0,0
1162,20,0,18,0,0,0
1163,73,0,49,0,0,0
1164,60,0,24,0,0,0
1165,169,-1,69,0,0,0
1166,140,-1,67,0,0,0
1167,200,1,62,0,0,0
1168,180,-1,70,0,0,0
1169,577,4,68,0,0,0
1170,207,1,68,0,0,0
1171,280,2,62,0,0,0
1172,504,2,63,0,0,0
1173,599,2,66,0,0,0
1174,400,1,62,0,0,0
1175,360,1,62,0,0,0
1176,271,1,64,0,0,0
1177,720,2,70,0,0,1
1178,1335,5,64,1,0,0
1179,1140,6,57,1,0,0
1180,1560,8,61,1,0,0
1181,1119,4,64,1,0,0
1182,1260,6,59,1,0,0
1183,690,3,58,0,0,0
1184,1080,4,62,1,0,0
1185,1188,5,59,1,0,0
1186,991,6,60,1,0,0
1187,1170,6,61,1,0,0
1188,1050,5,57,1,0,0
1189,1120,6,57,1,0,0
1190,1107,6,58,1,0,0
1191,1040,5,59,1,0,0
1192,1284,6,61,1,0,0
1193,990,2,62,1,0,0
1194,1349,10,57,1,0,0
1195,840,4,68,1,0,0
1196,950,3,63,1,0,0
1197,990,5,63,1,0,0
1198,1455,5,63,1,0,0
1199,1020,4,61,1,0,0
1200,1691,8,58,1,0,0
1201,1860,8,62,1,0,1
1202,1800,7,60,1,0,0
1203,1660,6,60,1,0,0
1204,1596,6,64,1,0,0
1205,1584,7,59,1,0,0
1206,1500,6,59,1,0,0
1207,1320,4,63,1,0,0
1208,1001,4,61,1,0,0
1209,1171,5,64,1,0,0
1210,1400,6,59,1,0,0
1211,1132,7,62,1,0,0
1212,1240,7,57,1,0,0
1213,1305,8,62,1,0,0
1214,1405,8,58,1,0,0
1215,1140,6,59,1,0,0
1216,1545,7,62,1,0,0
1217,1275,4,60,1,0,0
1218,1260,6,60,1,0,0
1219,1321,7,58,1,0,0
1220,1464,7,58,1,0,0
1221,1305,6,56,1,0,0
1222,1600,7,57,1,0,0
1223,1245,6,63,1,0,0
1224,1350,7,61,1,0,0
1225,1284,5,59,1,0,0
1226,1250,6,59,1,0,0
1227,1200,5,61,1,0,0
1228,1440,6,63,1,0,0
1229,1404,6,58,1,0,0
1230,960,5,61,1,0,0
1231,1260,6,62,1,0,0
1232,1020,5,60,1,0,0
1233,419,2,60,0,0,0
1234,900,3,57,1,0,0
1235,1153,6,62,1,0,0
1236,1094,8,62,1,0,0
1237,1040,4,63,1,0,0
1238,828,4,61,1,0,0
1239,795,3,63,0,0,0
1240,768,4,64,0,0,0
1241,924,5,58,1,0,0
1242,451,3,61,0,0,0
1243,600,2,66,0,0,0
1244,826,3,60,1,0,0
1245,721,3,60,0,0,0
1246,1500,6,62,1,0,0
1247,382,1,62,0,0,0
1248,240,1,63,0,0,0
1249,239,1,56,0,0,0
1250,288,1,69,0,0,0
1251,312,1,66,0,0,0
1252,397,1,65,0,0,0
1253,132,-1,60,0,0,0
1254,480,1,63,0,0,0
1255,144,1,77,0,0,1
1256,180,-1,63,0,0,0
1257,288,1,61,0,0,0
1258,180,-1,62,0,0,0
1259,105,1,33,0,0,0
1260,140,-1,59,0,0,0
1261,286,2,65,0,0,0
1262,205,1,72,0,0,0
1263,30,0,43,0,0,0
1264,708,3,61,0,0,0
1265,1439,6,64,1,0,0
1266,1060,3,66,1,0,0
1267,1120,4,62,1,0,0
1268,920,4,61,1,0,0
1269,996,5,60,1,0,0
1270,96,-1,65,0,0,0
1271,204,1,65,0,0,0
1272,180,1,61,0,0,0
1273,371,1,63,0,0,0
1274,330,1,65,0,0,0
1275,376,1,64,0,0,0
1276,432,1,65,0,0,0
1277,679,2,65,0,0,0
1278,781,1,65,0,0,0
1279,1500,7,71,1,0,1
1280,900,3,66,1,0,0
1281,1190,6,63,1,0,0
1282,820,3,62,1,0,0
1283,1411,5,58,1,0,0
1284,820,3,67,1,0,0
1285,1173,8,57,1,0,0
1286,1200,6,61,1,0,0
1287,1038,4,62,1,0,0
1288,840,4,61,1,0,0
1289,1232,5,63,1,0,0
1290,1440,7,58,1,0,0
1291,1020,5,58,1,0,0
1292,1110,4,59,1,0,0
1293,1491,4,63,1,0,0
1294,998,5,59,1,0,0
1295,1511,7,62,1,0,0
1296,1400,5,63,1,0,0
1297,1518,7,56,1,0,0
1298,1040,4,62,1,0,0
1299,1543,7,58,1,0,0
1300,1541,5,62,1,0,0
1301,2100,9,61,1,0,1
1302,1640,8,60,1,0,0
1303,1945,8,60,1,0,0
1304,1913,9,59,1,0,0
1305,1920,9,57,1,0,0
1306,1729,6,61,1,0,0
1307,1740,7,58,1,0,0
1308,1120,5,61,1,0,0
1309,840,4,61,1,0,0
1310,1170,5,60,1,0,0
1311,1561,6,61,1,0,0
1312,1152,8,57,1,0,0
1313,1155,7,62,1,0,0
1314,1365,8,62,1,0,0
1315,1440,7,59,1,0,0
1316,1152,7,60,1,0,0
1317,1200,5,60,1,0,0
1318,1236,3,64,1,0,0
1319,1290,4,58,1,0,0
1320,1188,6,63,1,0,0
1321,1095,5,61,1,0,0
1322,1300,5,57,1,0,0
1323,824,4,61,1,0,0
1324,900,4,63,1,0,0
1325,1392,7,62,1,0,0
1326,1081,4,62,1,0,0
1327,1151,7,54,1,0,0
1328,1470,5,63,1,0,0
1329,1296,6,57,1,0,0
1330,990,4,60,1,0,0
1331,1140,4,62,1,0,0
1332,1000,4,59,1,0,0
1333,648,5,62,0,0,0
1334,1040,5,63,1,0,0
1335,510,2,62,0,0,0
1336,500,3,61,0,0,0
1337,750,2,61,0,0,0
1338,810,2,64,1,0,0
1339,900,3,61,1,0,0
1340,375,1,64,0,0,0
1341,588,2,60,0,0,0
1342,528,2,65,0,0,0
1343,780,3,58,0,0,0
1344,1008,3,60,1,0,0
1345,708,4,58,0,0,0
1346,585,2,66,0,0,0
1347,720,4,61,0,0,0
1348,468,3,63,0,0,0
1349,510,1,63,0,0,0
1350,510,1,63,0,0,0
1351,580,2,63,0,0,0
1352,359,2,63,0,0,0
1353,344,2,62,0,0,0
1354,300,1,59,0,0,0
1355,504,2,65,0,0,0
1356,589,2,59,0,0,0
1357,120,1,40,0,0,0
1358,225,-1,57,0,0,0
1359,492,2,62,0,0,0
1360,180,1,60,0,0,0
1361,330,1,63,0,0,0
1362,504,2,59,0,0,0
1363,456,2,67,0,0,0
1364,280,1,64,0,0,0
1365,419,2,66,0,0,0
1366,372,1,64,0,0,0
1367,372,3,61,0,0,0
1368,301,2,59,0,0,0
1369,600,2,64,0,0,0
1370,336,2,63,0,0,0
1371,576,3,68,0,0,0
1372,504,2,63,0,0,0
1373,709,5,63,0,0,0
1374,890,5,62,1,0,0
1375,511,3,55,0,0,1
1376,864,5,60,1,0,0
1377,828,4,62,1,0,0
1378,1094,5,63,1,0,0
1379,709,3,63,0,0,0
1380,996,6,59,1,0,0
1381,336,3,64,0,0,0
1382,361,1,65,0,0,0
1383,1305,7,60,1,0,0
1384,1100,7,62,1,0,0
1385,721,2,63,0,0,0
1386,816,4,66,1,0,0
1387,1180,6,58,1,0,0
1388,1002,6,56,1,0,0
1389,1171,8,59,1,0,0
1390,1216,5,59,1,0,0
1391,1080,6,65,1,0,0
1392,851,5,56,1,0,0
1393,1095,7,63,1,0,0
1394,1128,8,58,1,0,0
1395,1020,3,60,1,0,0
1396,589,3,61,0,0,0
1397,1124,5,60,1,0,0
1398,1245,4,58,1,0,0
1399,492,2,63,0,0,0
1400,851,4,61,1,0,0
1401,750,5,61,0,0,0
1402,539,4,60,0,0,0
1403,825,4,59,1,0,0
1404,1140,6,63,1,0,0
1405,764,5,61,0,0,0
1406,740,3,62,0,0,0
1407,839,5,60,1,0,0
1408,936,4,58,1,0,0
1409,796,5,67,1,0,0
1410,750,3,67,0,0,0
1411,682,2,64,0,0,0
1412,1019,7,62,1,0,0
1413,921,5,62,1,0,0
1414,853,3,62,1,0,0
1415,870,3,63,1,0,0
1416,675,5,63,0,0,0
1417,1019,4,59,1,0,0
1418,1036,6,58,1,0,0
1419,1200,6,56,1,0,0
1420,1110,2,62,1,0,0
1421,1188,5,68,1,0,0
1422,900,3,60,1,0,0
1423,985,6,59,1,0,0
1424,991,6,60,1,0,0
1425,1155,7,59,1,0,0
1426,1236,8,58,1,0,0
1427,816,4,70,1,0,1
1428,564,3,58,0,0,0
1429,1079,7,58,1,0,0
1430,810,3,60,1,0,0
1431,851,5,55,1,0,0
1432,1045,5,59,1,0,0
1433,1057,5,59,1,0,0
1434,1260,6,58,1,0,0
1435,991,4,58,1,0,0
1436,1179,5,60,1,0,0
1437,810,3,58,1,0,0
1438,731,3,56,0,0,0
1439,804,3,60,1,0,0
1440,600,2,56,0,0,1
1441,801,3,61,1,0,0
1442,795,2,58,0,0,0
1443,660,2,60,0,0,0
1444,751,1,63,0,0,0
1445,371,1,63,0,0,0
1446,781,4,61,0,0,0
1447,601,1,65,0,0,0
1448,540,2,62,0,0,0
1449,480,2,64,0,0,0
1450,804,4,62,1,0,0
1451,435,1,59,0,0,0
1452,468,1,64,0,0,0
1453,780,3,56,0,0,0
1454,405,1,66,0,0,0
1455,480,2,59,0,0,0
1456,540,2,58,0,0,0
1457,464,2,63,0,0,0
1458,456,1,62,0,0,0
1459,216,1,63,0,0,0
1460,555,2,61,0,0,0
1461,381,2,63,0,0,0
1462,256,1,66,0,0,0
1463,240,1,60,0,0,0
1464,390,3,65,0,0,0
1465,301,2,68,0,0,0
1466,300,-1,58,0,0,0
1467,444,1,61,0,0,0
1468,240,1,68,0,0,0
1469,260,2,57,0,0,0
1470,406,1,63,0,0,0
1471,456,2,61,0,0,0
1472,571,1,68,0,0,0
1473,264,2,61,0,0,0
1474,466,1,64,0,0,0
1475,480,3,67,0,0,0
1476,600,3,63,0,0,0
1477,886,5,61,1,0,0
1478,721,3,59,0,0,0
1479,600,4,62,0,0,0
1480,720,3,62,0,0,0
1481,825,3,58,1,0,0
1482,860,4,59,1,0,0
1483,853,4,61,1,0,0
1484,855,4,62,1,0,0
1485,900,3,62,1,0,0
1486,585,4,60,0,0,0
1487,1188,6,57,1,0,0
1488,841,4,63,1,0,0
1489,1008,4,60,1,0,0
1490,1044,3,62,1,0,0
1491,552,3,62,0,0,0
1492,1100,4,59,1,0,0
1493,885,3,60,1,0,0
1494,984,5,59,1,0,0
1495,756,2,63,0,0,0
1496,803,5,63,1,0,0
1497,984,5,58,1,0,0
1498,804,2,62,1,0,0
1499,674,3,60,0,0,0
1500,810,2,62,1,0,0
1501,935,7,57,1,0,0
1502,720,2,59,0,0,0
1503,811,5,59,1,0,0
1504,916,6,60,1,0,0
1505,870,5,63,1,0,0
1506,937,3,58,1,0,0
1507,860,4,65,1,0,0
1508,780,3,60,0,0,0
1509,924,3,63,1,0,0
1510,1170,8,56,1,0,0
1511,1020,6,58,1,0,0
1512,1259,5,60,1,0,0
1513,961,5,65,1,0,0
1514,1245,5,59,1,0,0
1515,1160,5,56,1,0,0
1516,1152,4,60,1,0,0
1517,936,3,62,1,0,0
1518,1050,6,60,1,0,0
1519,720,5,60,0,0,0
1520,840,4,58,1,0,0
1521,720,2,62,0,0,0
1522,722,3,63,0,0,0
1523,435,4,56,0,0,0
1524,1020,5,56,1,0,0
1525,1020,3,64,1,0,0
1526,960,4,61,1,0,0
1527,1094,6,58,1,0,0
1528,360,1,62,0,0,0
1529,240,1,63,0,0,0
1530,300,1,66,0,0,0
1531,600,4,62,0,0,0
1532,210,1,61,0,0,0
1533,324,2,59,0,0,0
1534,204,1,62,0,0,0
1535,456,1,68,0,0,0
1536,228,1,61,0,0,0
1537,132,-1,62,0,0,0
1538,120,1,56,0,0,0
1539,180,-1,54,0,0,0
1540,72,-1,36,0,0,0
1541,121,0,39,0,0,0
1542,240,1,63,0,0,0
1543,240,1,69,0,0,0
1544,108,1,36,0,0,0
1545,45,-1,16,0,0,0
1546,48,-1,46,0,0,0
1547,0,0,0,0,0,0
1548,0,0,0,0,0,0
1549,0,0,0,0,0,0
1550,0,0,0,0,0,0
1551,0,0,0,0,0,0
1552,0,0,0,0,0,0
1553,140,-1,65,0,0,0
1554,276,1,68,0,0,0
1555,0,0,0,0,0,0
1556,345,2,65,0,0,0
1557,390,1,63,0,0,0
1558,570,2,63,0,0,0
1559,900,3,66,1,0,0
1560,1176,4,65,1,0,0
1561,1260,6,63,1,0,0
1562,720,4,62,0,0,0
1563,1180,4,65,1,0,0
1564,1140,6,63,1,0,0
1565,1020,5,61,1,0,0
1566,1189,4,60,1,0,0
1567,780,5,61,0,0,0
1568,810,3,64,1,0,0
1569,675,4,64,0,0,0
1570,848,7,58,1,0,0
1571,1120,6,57,1,0,0
1572,1113,4,63,1,0,0
1573,760,2,62,0,0,0
1574,1094,4,59,1,0,0
1575,1080,5,60,1,0,0
1576,1105,5,60,1,0,0
1577,1500,7,58,1,0,0
1578,1060,5,66,1,0,0
1579,1048,5,61,1,0,0
1580,1259,6,60,1,0,0
1581,1200,7,60,1,0,0
1582,1700,7,60,1,0,0
1583,1440,5,61,1,0,0
1584,1115,4,61,1,0,0
1585,1611,7,56,1,0,0
1586,1200,5,61,1,0,0
1587,1275,5,63,1,0,0
1588,1116,6,58,1,0,0
1589,1120,5,60,1,0,0
1590,1019,6,59,1,0,0
1591,1041,4,61,1,0,0
1592,1212,8,61,1,0,0
1593,1140,7,60,1,0,0
1594,1020,5,65,1,0,0
1595,1471,7,64,1,0,0
1596,1520,4,64,1,0,0
1597,1439,5,60,1,0,0
1598,1636,9,58,1,0,0
1599,1429,7,58,1,0,0
1600,1246,5,59,1,0,0
1601,1680,8,59,1,0,0
1602,1548,8,56,1,0,0
1603,1411,5,62,1,0,0
1604,1365,4,64,1,0,0
1605,1395,5,60,1,0,0
1606,1440,7,56,1,0,0
1607,1525,6,61,1,0,0
1608,1575,5,60,1,0,0
1609,1420,8,60,1,0,0
1610,930,4,63,1,0,0
1611,760,6,59,0,0,0
1612,1515,9,56,1,0,0
1613,1650,6,61,1,0,0
1614,1499,7,60,1,0,0
1615,1260,7,58,1,0,0
1616,828,6,63,1,0,0
1617,396,2,60,0,0,0
1618,277,2,62,0,0,0
1619,420,4,61,0,0,0
1620,420,3,68,0,0,0
1621,348,4,62,0,0,0
1622,240,-1,64,0,0,0
1623,420,1,61,0,0,0
1624,120,-1,66,0,0,0
1625,540,2,63,0,0,0
1626,151,-1,66,0,0,0
1627,90,0,33,0,0,0
1628,61,-1,34,0,0,0
1629,168,-1,62,0,0,0
1630,193,-1,40,0,0,1
1631,1065,6,60,1,0,0
1632,924,4,61,1,0,0
1633,456,2,65,0,0,0
1634,121,1,65,0,0,0
1635,72,1,42,0,0,0
1636,37,-1,36,0,0,0
1637,84,-1,69,0,0,0
1638,75,-1,59,0,0,0
1639,18,-1,25,0,0,1
1640,90,0,53,0,0,0
1641,84,-1,46,0,0,0
1642,0,0,0,0,0,0
1643,60,-1,32,0,0,0
1644,135,-1,61,0,0,0
1645,586,3,66,0,0,0
1646,49,-1,41,0,0,0
1647,30,-1,15,0,0,0
1648,204,-1,65,0,0,0
1649,271,-1,69,0,0,0
1650,330,3,59,0,0,0
1651,180,1,59,0,0,0
1652,24,0,16,0,0,0
1653,939,3,62,1,0,0
1654,912,4,63,1,0,0
1655,1184,6,63,1,0,0
1656,1185,6,63,1,0,0
1657,1499,7,65,1,0,0
1658,1140,4,62,1,0,0
1659,840,4,58,1,0,0
1660,1260,4,64,1,0,0
1661,930,6,62,1,0,0
1662,960,6,56,1,0,0
1663,1020,4,57,1,0,0
1664,1081,5,60,1,0,0
1665,864,5,58,1,0,0
1666,1236,4,63,1,0,0
1667,1320,6,59,1,0,0
1668,1065,6,61,1,0,0
1669,1350,6,61,1,0,0
1670,1187,6,61,1,0,0
1671,1140,5,58,1,0,0
1672,1160,4,60,1,0,0
1673,889,6,59,1,0,0
1674,1449,6,60,1,0,0
1675,1272,6,59,1,0,0
1676,601,2,62,0,0,0
1677,946,5,59,1,0,0
1678,720,5,63,0,0,0
1679,1140,5,55,1,0,0
1680,1110,4,60,1,0,0
1681,859,3,59,1,0,0
1682,1224,6,59,1,0,0
1683,1248,4,64,1,0,0
1684,1152,8,59,1,0,0
1685,1200,5,59,1,0,0
1686,1275,7,62,1,0,0
1687,1139,7,58,1,0,0
1688,1404,7,56,1,0,0
1689,1100,6,55,1,0,0
1690,1320,8,60,1,0,0
1691,1440,7,61,1,0,0
1692,1755,8,60,1,0,0
1693,2041,8,57,1,0,1
1694,1110,6,60,1,0,0
1695,1860,9,56,1,0,0
1696,1439,6,61,1,0,0
1697,1110,5,59,1,0,0
1698,1152,6,62,1,0,0
1699,1080,4,63,1,0,0
1700,1440,7,60,1,0,0
1701,1080,4,63,1,0,0
1702,1365,6,62,1,0,0
1703,1272,5,57,1,0,0
1704,1081,6,59,1,0,0
1705,1516,8,59,1,0,0
1706,1260,6,59,1,0,0
1707,1428,10,56,1,0,0
1708,1572,7,59,1,0,0
1709,1695,9,58,1,0,0
1710,900,7,58,1,0,0
1711,1515,9,55,1,0,0
1712,1452,6,58,1,0,0
1713,1380,6,60,1,0,0
1714,1290,5,60,1,0,0
1715,1764,8,58,1,0,0
1716,1537,5,61,1,0,0
1717,1163,8,60,1,0,0
1718,961,5,61,1,0,0
1719,885,3,60,1,0,0
1720,1151,6,61,1,0,0
1721,1284,4,61,1,0,0
1722,1104,6,59,1,0,0
1723,930,4,61,1,0,0
1724,721,6,59,0,0,0
1725,660,2,64,0,0,0
1726,435,2,63,0,0,0
1727,540,2,65,0,0,0
1728,706,3,63,0,0,0
1729,288,1,62,0,0,0
1730,321,2,68,0,0,0
1731,421,1,64,0,0,0
1732,301,-1,71,0,0,0
1733,180,1,61,0,0,0
1734,100,1,23,0,0,1
1735,0,0,0,0,0,0
1736,105,0,52,0,0,0
1737,196,-1,54,0,0,0
1738,195,1,58,0,0,0
1739,121,-1,60,0,0,0
1740,45,1,16,0,0,0
1741,60,-1,44,0,0,0
1742,48,0,29,0,0,0
1743,73,0,44,0,0,0
1744,73,-1,63,0,0,0
1745,24,0,22,0,0,0
1746,30,0,37,0,0,0
1747,120,-1,58,0,0,0
1748,15,-1,17,0,0,0
1749,45,-1,41,0,0,0
1750,60,1,34,0,0,0
1751,0,0,0,0,0,0
1752,90,1,66,0,0,0
1753,120,-1,67,0,0,0
1754,217,0,55,0,0,0
1755,420,3,64,0,0,0
1756,240,1,71,0,0,0
1757,481,2,69,0,0,0
1758,615,3,63,0,0,0
1759,855,5,66,1,0,0
1760,1092,7,58,1,0,0
1761,930,5,64,1,0,0
1762,1110,6,63,1,0,0
1763,1410,5,62,1,0,0
1764,1300,7,65,1,0,0
1765,1284,6,57,1,0,0
1766,931,5,62,1,0,0
1767,1080,4,74,1,0,1
1768,1005,5,61,1,0,0
1769,959,3,66,1,0,0
1770,1297,6,65,1,0,0
1771,1199,7,63,1,0,0
1772,690,4,60,0,0,0
1773,840,4,60,1,0,0
1774,1080,7,58,1,0,0
1775,1656,8,56,1,0,0
1776,945,4,59,1,0,0
1777,1391,6,61,1,0,0
1778,1066,2,60,1,0,0
1779,1050,6,61,1,0,0
1780,1584,8,60,1,0,0
1781,1369,7,61,1,0,0
1782,1680,10,55,1,0,0
1783,1320,7,60,1,0,0
1784,1619,8,57,1,0,0
1785,1549,6,61,1,0,0
1786,1416,7,60,1,0,0
1787,1428,7,61,1,0,0
1788,1501,6,60,1,0,0
1789,1332,5,64,1,0,0
1790,1548,8,58,1,0,0
1791,1464,5,60,1,0,0
1792,1110,4,62,1,0,0
1793,540,2,57,0,0,0
1794,1381,6,60,1,0,0
1795,1050,5,64,1,0,0
1796,1621,6,58,1,0,0
1797,1081,5,60,1,0,0
1798,1240,7,56,1,0,0
1799,1379,8,60,1,0,0
1800,1364,7,57,1,0,0
1801,1465,7,57,1,0,0
1802,1245,5,60,1,0,0
1803,1580,8,57,1,0,0
1804,480,3,61,0,0,0
1805,2040,11,56,1,0,1
1806,1305,7,61,1,0,0
1807,1740,9,60,1,0,0
1808,1512,5,61,1,0,0
1809,1740,10,58,1,0,0
1810,1404,6,65,1,0,0
1811,1515,8,63,1,0,0
1812,1511,7,60,1,0,0
1813,1344,8,60,1,0,0
1814,1244,6,60,1,0,0
1815,1271,7,59,1,0,0
1816,624,1,66,0,0,0
1817,765,5,60,0,0,0
1818,1128,5,58,1,0,0
1819,912,5,58,1,0,0
1820,1181,6,61,1,0,0
1821,766,3,63,0,0,0
1822,570,3,59,0,0,0
1823,346,2,65,0,0,0
1824,703,5,58,0,0,0
1825,579,3,59,0,0,0
1826,881,4,62,1,0,0
1827,510,2,61,0,0,0
1828,216,2,65,0,0,0
1829,239,1,61,0,0,0
1830,285,1,67,0,0,0
1831,96,1,41,0,0,0
1832,195,-1,64,0,0,0
1833,168,-1,58,0,0,0
1834,75,-1,33,0,0,0
1835,127,-1,62,0,0,0
1836,100,1,64,0,0,0
1837,156,-1,61,0,0,0
1838,151,-1,56,0,0,0
1839,96,0,46,0,0,0
1840,37,-1,37,0,0,0
1841,48,0,53,0,0,0
1842,30,-1,16,0,0,0
1843,48,-1,36,0,0,0
1844,24,0,23,0,0,0
1845,15,-1,13,0,0,1
1846,108,-1,69,0,0,0
1847,72,-1,62,0,0,0
1848,0,0,0,0,0,0
1849,75,-1,67,0,0,0
1850,120,-1,61,0,0,0
1851,300,1,68,0,0,0
1852,420,3,66,0,0,0
1853,405,2,70,0,0,0
1854,630,3,64,0,0,0
1855,870,5,59,1,0,0
1856,900,4,63,1,0,0
1857,1259,6,67,1,0,0
1858,1245,7,64,1,0,0
1859,1125,5,61,1,0,0
1860,1096,5,59,1,0,0
1861,888,5,61,1,0,0
1862,1095,4,69,1,0,1
1863,1140,5,60,1,0,0
1864,1081,6,62,1,0,0
1865,1005,6,55,1,0,0
1866,1119,4,60,1,0,0
1867,885,4,69,1,0,1
1868,1021,5,58,1,0,0
1869,1164,5,62,1,0,0
1870,946,2,63,1,0,0
1871,791,4,62,0,0,0
1872,931,4,60,1,0,0
1873,1110,4,60,1,0,0
1874,1180,4,59,1,0,0
1875,1005,6,59,1,0,0
1876,1065,4,61,1,0,0
1877,1350,7,60,1,0,0
1878,1225,8,59,1,0,0
1879,960,4,63,1,0,0
1880,1429,7,58,1,0,0
1881,1530,6,57,1,0,0
1882,1350,7,62,1,0,0
1883,1788,9,57,1,0,0
1884,1341,5,60,1,0,0
1885,1380,7,60,1,0,0
1886,1321,3,62,1,0,0
1887,1531,7,64,1,0,0
1888,1799,8,60,1,0,0
1889,980,5,58,1,0,0
1890,1080,4,64,1,0,0
1891,1246,6,62,1,0,0
1892,1248,5,60,1,0,0
1893,1031,5,61,1,0,0
1894,1065,4,61,1,0,0
1895,1440,8,60,1,0,0
1896,1345,6,60,1,0,0
1897,1455,6,61,1,0,0
1898,1422,7,63,1,0,0
1899,1657,9,56,1,0,0
1900,1170,3,61,1,0,0
1901,1392,5,58,1,0,0
1902,1464,5,64,1,0,0
1903,780,5,58,0,0,0
1904,1776,6,62,1,0,0
1905,1516,7,58,1,0,0
1906,1260,6,63,1,0,0
1907,1456,8,57,1,0,0
1908,1200,4,59,1,0,0
1909,1140,5,56,1,0,0
1910,1095,4,62,1,0,0
1911,1560,9,59,1,0,0
1912,1200,5,64,1,0,0
1913,1290,6,60,1,0,0
1914,756,5,62,0,0,0
1915,1366,8,58,1,0,0
1916,1020,4,59,1,0,0
1917,825,4,64,1,0,0
1918,931,5,61,1,0,0
1919,674,5,65,0,0,0
1920,509,4,63,0,0,0
1921,540,3,62,0,0,0
1922,840,3,64,1,0,0
1923,431,-1,62,0,0,0
1924,516,1,65,0,0,0
1925,585,2,66,0,0,0
1926,228,1,70,0,0,0
1927,260,1,64,0,0,0
1928,210,1,68,0,0,0
1929,300,1,62,0,0,0
1930,120,1,64,0,0,0
1931,60,-1,63,0,0,0
1932,144,0,26,0,0,1
1933,0,0,0,0,0,0
1934,120,1,37,0,0,0
1935,180,1,65,0,0,0
1936,0,0,0,0,0,0
1937,141,-1,54,0,0,0
1938,160,1,42,0,0,0
1939,120,1,68,0,0,0
1940,60,-1,75,0,0,1
1941,140,-1,64,0,0,0
1942,60,-1,67,0,0,0
1943,120,1,37,0,0,0
1944,90,-1,72,0,0,0
1945,120,1,68,0,0,0
1946,240,1,67,0,0,0
1947,140,-1,54,0,0,0
1948,1020,5,63,1,0,0
1949,660,3,61,0,0,0
1950,360,2,60,0,0,0
1951,1035,4,65,1,0,0
1952,1380,7,61,1,0,0
1953,1140,4,62,1,0,0
1954,1340,6,63,1,0,0
1955,1160,3,65,1,0,0
1956,900,3,59,1,0,0
1957,1321,5,64,1,0,0
1958,1140,5,59,1,0,0
1959,1020,5,63,1,0,0
1960,696,3,58,0,0,0
1961,750,6,61,0,0,0
1962,1260,5,60,1,0,0
1963,1170,5,55,1,0,0
1964,1680,7,63,1,0,0
1965,1260,7,56,1,0,0
1966,1120,6,58,1,0,0
1967,1240,3,58,1,0,0
1968,780,3,60,0,0,0
1969,856,3,59,1,0,0
1970,1470,6,63,1,0,0
1971,1704,7,60,1,0,0
1972,1440,7,60,1,0,0
1973,1800,9,50,1,0,1
1974,1500,6,59,1,0,0
1975,1800,8,60,1,0,0
1976,840,3,63,1,0,0
1977,2220,11,55,1,0,1
1978,1440,7,60,1,0,0
1979,1860,7,61,1,0,1
1980,1741,5,60,1,0,0
1981,1200,6,60,1,0,0
1982,1200,5,68,1,0,0
1983,1080,5,58,1,0,0
1984,1440,7,59,1,0,0
1985,1066,6,58,1,0,0
1986,1500,6,60,1,0,0
1987,1770,8,57,1,0,0
1988,1320,3,60,1,0,0
1989,1080,4,63,1,0,0
1990,1041,6,61,1,0,0
1991,900,4,62,1,0,0
1992,1171,3,61,1,0,0
1993,1381,5,61,1,0,0
1994,1229,6,58,1,0,0
1995,1200,5,57,1,0,0
1996,1560,7,61,1,0,0
1997,1479,7,61,1,0,0
1998,1140,7,57,1,0,0
1999,1440,7,59,1,0,0
2000,1540,7,59,1,0,0
2001,1488,6,64,1,0,0
2002,1560,8,56,1,0,0
2003,624,3,63,0,0,0
2004,1120,6,61,1,0,0
2005,1230,7,54,1,0,0
2006,1140,7,61,1,0,0
2007,680,3,62,0,0,0
2008,660,4,60,0,0,0
2009,600,2,64,0,0,0
2010,640,5,61,0,0,0
2011,980,2,63,1,0,0
2012,441,2,60,0,0,0
2013,660,5,58,0,0,0
2014,600,4,64,0,0,0
2015,899,2,59,1,0,0
2016,561,-1,64,0,0,0
2017,540,1,63,0,0,0
2018,384,1,63,0,0,0
2019,406,-1,65,0,0,0
2020,260,1,64,0,0,0
2021,321,1,60,0,0,0
2022,240,1,66,0,0,0
2023,240,1,69,0,0,0
2024,180,1,58,0,0,0
2025,260,1,63,0,0,0
2026,40,-1,22,0,0,0
2027,180,-1,59,0,0,0
2028,180,-1,62,0,0,0
2029,90,-1,61,0,0,0
2030,60,-1,54,0,0,0
2031,60,-1,62,0,0,0
2032,60,-1,70,0,0,0
2033,180,-1,58,0,0,0
2034,136,-1,62,0,0,0
2035,120,-1,62,0,0,0
2036,60,-1,66,0,0,0
2037,240,1,60,0,0,0
2038,330,1,64,0,0,0
2039,480,1,67,0,0,0
2040,348,2,67,0,0,0
2041,980,5,62,1,0,0
2042,780,3,64,0,0,0
2043,1280,5,65,1,0,0
2044,1460,6,60,1,0,0
2045,1220,5,63,1,0,0
2046,1260,5,64,1,0,0
2047,960,5,70,1,0,1
2048,1160,5,61,1,0,0
2049,1200,6,62,1,0,0
2050,960,4,61,1,0,0
2051,1100,5,63,1,0,0
2052,660,2,64,0,0,0
2053,915,6,58,1,0,0
2054,720,2,65,0,0,0
2055,1380,9,58,1,0,0
2056,780,2,58,0,0,0
2057,1050,6,59,1,0,0
2058,1140,5,61,1,0,0
2059,1080,6,58,1,0,0
2060,1140,5,58,1,0,0
2061,1171,4,63,1,0,0
2062,1000,3,58,1,0,0
2063,1830,9,55,1,0,0
2064,1380,7,59,1,0,0
2065,1560,8,61,1,0,0
2066,2100,9,59,1,0,1
2067,1800,8,59,1,0,0
2068,1836,9,58,1,0,0
2069,1591,6,60,1,0,0
2070,1980,6,62,1,0,1
2071,1620,11,50,1,0,1
2072,1500,5,59,1,0,0
2073,1290,4,63,1,0,0
2074,1380,6,60,1,0,0
2075,1440,7,58,1,0,0
2076,1380,7,60,1,0,0
2077,1521,6,60,1,0,0
2078,1416,5,60,1,0,0
2079,1200,6,64,1,0,0
2080,1380,7,57,1,0,0
2081,1620,9,56,1,0,0
2082,720,3,63,0,0,0
2083,1140,4,58,1,0,0
2084,1020,5,62,1,0,0
2085,1320,7,58,1,0,0
2086,1221,6,60,1,0,0
2087,1420,7,58,1,0,0
2088,1125,3,59,1,0,0
2089,2340,11,57,1,0,1
2090,1320,7,58,1,0,0
2091,1341,9,58,1,0,0
2092,1320,5,64,1,0,0
2093,1340,8,58,1,0,0
2094,1366,7,58,1,0,0
2095,1179,3,63,1,0,0
2096,939,5,59,1,0,0
2097,1200,6,56,1,0,0
2098,780,3,64,0,0,0
2099,975,6,58,1,0,0
2100,690,3,66,0,0,0
2101,600,2,59,0,0,0
2102,960,4,63,1,0,0
2103,1020,6,64,1,0,0
2104,840,5,62,1,0,0
2105,840,3,61,1,0,0
2106,945,3,64,1,0,0
2107,640,4,62,0,0,0
2108,599,2,64,0,0,0
2109,720,2,65,0,0,0
2110,560,1,64,0,0,0
2111,780,2,60,0,0,0
2112,690,2,60,0,0,0
2113,300,1,61,0,0,0
2114,480,2,65,0,0,0
2115,561,2,63,0,0,0
2116,690,3,65,0,0,0
2117,680,2,65,0,0,0
2118,400,1,62,0,0,0
2119,516,1,62,0,0,0
2120,380,2,58,0,0,0
2121,360,1,59,0,0,0
2122,260,2,57,0,0,0
2123,390,1,66,0,0,0
2124,240,1,53,0,0,0
2125,450,1,61,0,0,0
2126,210,-1,66,0,0,0
2127,360,2,61,0,0,0
2128,420,1,67,0,0,0
2129,120,1,57,0,0,0
2130,540,2,66,0,0,0
2131,460,1,67,0,0,0
2132,300,2,63,0,0,0
2133,360,2,63,0,0,0
2134,360,3,61,0,0,0
2135,360,2,59,0,0,0
2136,705,2,57,0,0,0
2137,480,2,62,0,0,0
2138,600,4,67,0,0,0
2139,540,1,60,0,0,0
2140,780,4,65,0,0,0
2141,960,5,59,1,0,0
2142,1060,4,59,1,0,0
2143,1080,5,63,1,0,0
2144,780,6,58,0,0,0
2145,900,4,58,1,0,0
2146,945,6,59,1,0,0
2147,960,5,55,1,0,0
2148,720,2,64,0,0,0
2149,720,4,58,0,0,0
2150,800,5,60,1,0,0
2151,1020,5,59,1,0,0
2152,1200,6,62,1,0,0
2153,1119,6,59,1,0,0
2154,1590,8,59,1,0,0
2155,660,2,67,0,0,0
2156,1140,5,61,1,0,0
2157,1080,7,57,1,0,0
2158,900,4,66,1,0,0
2159,1350,6,61,1,0,0
2160,975,4,57,1,0,0
2161,1080,6,62,1,0,0
2162,1000,3,64,1,0,0
2163,876,3,61,1,0,0
2164,720,4,66,0,0,0
2165,660,3,58,0,0,0
2166,720,4,61,0,0,0
2167,600,2,65,0,0,0
2168,720,2,66,0,0,0
2169,889,3,62,1,0,0
2170,780,4,61,0,0,0
2171,960,2,60,1,0,0
2172,840,5,57,1,0,0
2173,660,2,62,0,0,0
2174,570,4,57,0,0,0
2175,840,3,63,1,0,0
2176,600,2,63,0,0,0
2177,853,3,63,1,0,0
2178,720,3,61,0,0,0
2179,840,4,57,1,0,0
2180,840,3,56,1,0,0
2181,1020,5,59,1,0,0
2182,880,6,59,1,0,0
2183,920,2,57,1,0,0
2184,1260,5,55,1,0,0
2185,1319,8,55,1,0,0
2186,840,4,63,1,0,0
2187,1260,7,58,1,0,0
2188,1095,6,56,1,0,0
2189,820,4,59,1,0,0
2190,810,3,56,1,0,0
2191,840,5,60,1,0,0
2192,708,5,59,0,0,0
2193,840,5,54,1,0,0
2194,700,2,57,0,0,0
2195,1080,6,56,1,0,0
2196,660,4,58,0,0,0
2197,720,3,60,0,0,0
2198,972,4,57,1,0,0
2199,930,3,63,1,0,0
2200,1500,6,55,1,0,0
2201,980,6,57,1,0,0
2202,860,3,60,1,0,0
2203,900,4,62,1,0,0
2204,960,2,59,1,0,0
2205,660,2,62,0,0,0
2206,660,2,65,0,0,0
2207,480,2,61,0,0,0
2208,660,2,62,0,0,0
2209,960,4,65,1,0,0
2210,540,2,66,0,0,0
2211,150,2,63,0,0,0
2212,300,1,57,0,0,0
2213,359,3,61,0,0,0
2214,60,-1,62,0,0,0
2215,300,1,69,0,0,0
2216,480,1,71,0,0,0
2217,240,2,61,0,0,0
2218,420,1,60,0,0,0
2219,480,2,78,0,0,1
2220,460,1,66,0,0,0
2221,460,3,59,0,0,0
2222,450,2,68,0,0,0
2223,720,3,62,0,0,0
2224,600,2,63,0,0,0
2225,480,2,66,0,0,0
2226,570,2,61,0,0,0
2227,680,3,61,0,0,0
2228,540,2,65,0,0,0
2229,660,5,61,0,0,0
2230,960,5,60,1,0,0
2231,1000,3,62,1,0,0
2232,780,3,63,0,0,0
2233,900,5,59,1,0,0
2234,1020,4,61,1,0,0
2235,1260,6,64,1,0,0
2236,1000,6,63,1,0,0
2237,600,2,60,0,0,0
2238,990,6,63,1,0,0
2239,660,4,60,0,0,0
2240,959,5,60,1,0,0
2241,720,2,59,0,0,0
2242,810,4,64,1,0,0
2243,720,2,63,0,0,0
2244,720,2,64,0,0,0
2245,900,3,60,1,0,0
2246,960,4,59,1,0,0
2247,920,4,64,1,0,0
2248,1080,4,59,1,0,0
2249,960,4,63,1,0,0
2250,840,3,59,1,0,0
2251,820,3,59,1,0,0
2252,780,3,63,0,0,0
2253,760,4,59,0,0,0
2254,840,4,63,1,0,0
2255,1080,5,60,1,0,0
2256,681,3,65,0,0,0
2257,1020,4,54,1,0,0
2258,780,5,68,0,0,0
2259,1050,3,58,1,0,0
2260,1140,6,61,1,0,0
2261,1020,4,58,1,0,0
2262,1500,7,60,1,0,0
2263,1110,4,57,1,0,0
2264,1080,5,59,1,0,0
2265,1216,4,58,1,0,0
2266,920,6,58,1,0,0
2267,1200,6,60,1,0,0
2268,960,4,61,1,0,0
2269,570,4,69,0,0,0
2270,660,2,59,0,0,0
2271,420,1,64,0,0,0
2272,680,3,61,0,0,0
2273,540,2,57,0,0,0
2274,540,2,61,0,0,0
2275,615,2,64,0,0,0
2276,264,1,67,0,0,0
2277,465,1,62,0,0,0
2278,281,1,43,0,0,1
2279,150,-1,30,0,0,1
2280,132,-1,63,0,0,0
2281,120,-1,57,0,0,0
2282,226,-1,55,0,0,0
2283,121,-1,61,0,0,0
2284,300,1,58,0,0,0
2285,75,1,30,0,0,0
2286,73,0,48,0,0,0
2287,97,-1,69,0,0,0
2288,0,0,0,0,0,0
2289,12,0,10,0,0,1
2290,74,0,57,0,0,0
2291,60,-1,56,0,0,0
2292,72,-1,66,0,0,0
2293,90,0,50,0,0,0
2294,75,-1,49,0,0,0
2295,108,-1,41,0,0,0
2296,200,-1,55,0,0,0
2297,210,0,48,0,0,1
2298,253,-1,61,0,0,0
2299,315,1,66,0,0,0
2300,345,4,65,0,0,0
2301,660,1,62,0,0,0
2302,576,3,58,0,0,0
2303,915,4,62,1,0,0
2304,1051,6,62,1,0,0
2305,1140,4,62,1,0,0
2306,915,2,61,1,0,0
2307,1176,5,61,1,0,0
2308,720,4,67,0,0,0
2309,1200,6,60,1,0,0
2310,1160,4,61,1,0,0
2311,1165,4,66,1,0,0
2312,971,6,58,1,0,0
2313,936,5,57,1,0,0
2314,720,6,58,0,0,0
2315,1035,4,58,1,0,0
2316,1104,5,68,1,0,0
2317,960,5,61,1,0,0
2318,1104,5,65,1,0,0
2319,1055,5,60,1,0,0
2320,1050,5,59,1,0,0
2321,1050,3,63,1,0,0
2322,1005,3,62,1,0,0
2323,1309,5,59,1,0,0
2324,875,3,64,1,0,0
2325,1485,5,59,1,0,0
2326,1200,8,63,1,0,0
2327,1516,5,60,1,0,0
2328,1320,5,61,1,0,0
2329,1246,4,64,1,0,0
2330,1140,5,59,1,0,0
2331,1489,8,59,1,0,0
2332,1776,9,57,1,0,0
2333,1571,6,60,1,0,0
2334,1284,4,62,1,0,0
2335,1780,8,61,1,0,0
2336,1050,5,60,1,0,0
2337,1440,7,59,1,0,0
2338,1230,3,63,1,0,0
2339,1020,3,61,1,0,0
2340,799,3,60,1,0,0
2341,1140,4,61,1,0,0
2342,1350,5,61,1,0,0
2343,1596,6,57,1,0,0
2344,1129,7,57,1,0,0
2345,1596,8,59,1,0,0
2346,1370,8,57,1,0,0
2347,1305,8,56,1,0,0
2348,1788,8,58,1,0,0
2349,1068,6,63,1,0,0
2350,1440,7,56,1,0,0
2351,1560,6,60,1,0,0
2352,1560,5,62,1,0,0
2353,1356,5,61,1,0,0
2354,719,5,37,0,0,1
2355,1608,6,60,1,0,0
2356,1284,7,61,1,0,0
2357,1335,4,61,1,0,0
2358,1080,6,59,1,0,0
2359,1500,6,63,1,0,0
2360,1189,5,59,1,0,0
2361,1005,6,62,1,0,0
2362,828,4,59,1,0,0
2363,675,5,60,0,0,0
2364,735,4,67,0,0,0
2365,768,4,61,0,0,0
2366,420,1,58,0,0,0
2367,900,5,61,1,0,0
